{
 "n": 41,
 "recall@1": 0.7804878048780488,
 "recall@3": 0.975609756097561,
 "recall@5": 1.0,
 "mrr": 0.8760162601626017,
 "ndcg@5": 0.9077135385244424,
 "latency_full_p50_ms": 2327.320098876953,
 "latency_full_p95_ms": 9847.113847732544,
 "latency_rank_p50_ms": 8.00180435180664,
 "misses": []
}